{
  "experiment": "Multi-seed Killer Metric",
  "dataset": "Wisconsin Breast Cancer",
  "n_samples": 569,
  "confidence_margin": "80/100",
  "seeds": [
    42,
    123,
    456,
    789,
    2025
  ],
  "per_seed": [
    {
      "seed": 42,
      "void_correct": 431,
      "void_wrong": 27,
      "void_unknown": 111,
      "void_cond_acc": 0.9410480349344978,
      "void_raw_acc": 0.7574692442882249,
      "classical": {
        "LogReg": {
          "accuracy": 0.9507908611599297,
          "correct": 541,
          "wrong": 28
        },
        "DecTree": {
          "accuracy": 0.9332161687170475,
          "correct": 531,
          "wrong": 38
        },
        "SVM": {
          "accuracy": 0.9173989455184535,
          "correct": 522,
          "wrong": 47
        },
        "RandForest": {
          "accuracy": 0.9578207381370826,
          "correct": 545,
          "wrong": 24
        }
      },
      "enrichment": {
        "LogReg": {
          "wrong_on_unknown": 14,
          "err_unknown": 0.12612612612612611,
          "err_answered": 0.03056768558951965,
          "enrichment": 4.126126126126126,
          "concentration": 0.5,
          "fisher_p": 0.00018911911223063734,
          "odds_ratio": 4.577319587628866
        },
        "DecTree": {
          "wrong_on_unknown": 15,
          "err_unknown": 0.13513513513513514,
          "err_answered": 0.05021834061135371,
          "enrichment": 2.690951821386604,
          "concentration": 0.39473684210526316,
          "fisher_p": 0.002549303481643127,
          "odds_ratio": 2.9551630434782608
        },
        "SVM": {
          "wrong_on_unknown": 22,
          "err_unknown": 0.1981981981981982,
          "err_answered": 0.05458515283842795,
          "enrichment": 3.6309909909909908,
          "concentration": 0.46808510638297873,
          "fisher_p": 7.87946693176237e-06,
          "odds_ratio": 4.281348314606742
        },
        "RandForest": {
          "wrong_on_unknown": 11,
          "err_unknown": 0.0990990990990991,
          "err_answered": 0.028384279475982533,
          "enrichment": 3.4913374913374913,
          "concentration": 0.4583333333333333,
          "fisher_p": 0.0024877830008157727,
          "odds_ratio": 3.7653846153846153
        }
      }
    },
    {
      "seed": 123,
      "void_correct": 435,
      "void_wrong": 23,
      "void_unknown": 111,
      "void_cond_acc": 0.9497816593886463,
      "void_raw_acc": 0.7644991212653779,
      "classical": {
        "LogReg": {
          "accuracy": 0.9595782073813708,
          "correct": 546,
          "wrong": 23
        },
        "DecTree": {
          "accuracy": 0.929701230228471,
          "correct": 529,
          "wrong": 40
        },
        "SVM": {
          "accuracy": 0.9173989455184535,
          "correct": 522,
          "wrong": 47
        },
        "RandForest": {
          "accuracy": 0.9560632688927944,
          "correct": 544,
          "wrong": 25
        }
      },
      "enrichment": {
        "LogReg": {
          "wrong_on_unknown": 13,
          "err_unknown": 0.11711711711711711,
          "err_answered": 0.021834061135371178,
          "enrichment": 5.363963963963964,
          "concentration": 0.5652173913043478,
          "fisher_p": 6.243454884540931e-05,
          "odds_ratio": 5.942857142857143
        },
        "DecTree": {
          "wrong_on_unknown": 16,
          "err_unknown": 0.14414414414414414,
          "err_answered": 0.05240174672489083,
          "enrichment": 2.750750750750751,
          "concentration": 0.4,
          "fisher_p": 0.0015216256737901385,
          "odds_ratio": 3.0456140350877194
        },
        "SVM": {
          "wrong_on_unknown": 25,
          "err_unknown": 0.22522522522522523,
          "err_answered": 0.048034934497816595,
          "enrichment": 4.688779688779689,
          "concentration": 0.5319148936170213,
          "fisher_p": 6.102437391534358e-08,
          "odds_ratio": 5.761099365750528
        },
        "RandForest": {
          "wrong_on_unknown": 17,
          "err_unknown": 0.15315315315315314,
          "err_answered": 0.017467248908296942,
          "enrichment": 8.768018018018019,
          "concentration": 0.68,
          "fisher_p": 7.945340738358425e-08,
          "odds_ratio": 10.172872340425531
        }
      }
    },
    {
      "seed": 456,
      "void_correct": 435,
      "void_wrong": 25,
      "void_unknown": 109,
      "void_cond_acc": 0.9456521739130435,
      "void_raw_acc": 0.7644991212653779,
      "classical": {
        "LogReg": {
          "accuracy": 0.9525483304042179,
          "correct": 542,
          "wrong": 27
        },
        "DecTree": {
          "accuracy": 0.9420035149384886,
          "correct": 536,
          "wrong": 33
        },
        "SVM": {
          "accuracy": 0.9156414762741653,
          "correct": 521,
          "wrong": 48
        },
        "RandForest": {
          "accuracy": 0.968365553602812,
          "correct": 551,
          "wrong": 18
        }
      },
      "enrichment": {
        "LogReg": {
          "wrong_on_unknown": 14,
          "err_unknown": 0.12844036697247707,
          "err_answered": 0.02826086956521739,
          "enrichment": 4.544812985179958,
          "concentration": 0.5185185185185185,
          "fisher_p": 9.092178217279827e-05,
          "odds_ratio": 5.067206477732793
        },
        "DecTree": {
          "wrong_on_unknown": 15,
          "err_unknown": 0.13761467889908258,
          "err_answered": 0.0391304347826087,
          "enrichment": 3.5168195718654434,
          "concentration": 0.45454545454545453,
          "fisher_p": 0.0003375435664648499,
          "odds_ratio": 3.9184397163120566
        },
        "SVM": {
          "wrong_on_unknown": 26,
          "err_unknown": 0.23853211009174313,
          "err_answered": 0.04782608695652174,
          "enrichment": 4.987489574645538,
          "concentration": 0.5416666666666666,
          "fisher_p": 1.1803539850859048e-08,
          "odds_ratio": 6.23658269441402
        },
        "RandForest": {
          "wrong_on_unknown": 10,
          "err_unknown": 0.09174311926605505,
          "err_answered": 0.017391304347826087,
          "enrichment": 5.275229357798166,
          "concentration": 0.5555555555555556,
          "fisher_p": 0.0005061907867563749,
          "odds_ratio": 5.707070707070707
        }
      }
    },
    {
      "seed": 789,
      "void_correct": 430,
      "void_wrong": 26,
      "void_unknown": 113,
      "void_cond_acc": 0.9429824561403509,
      "void_raw_acc": 0.7557117750439367,
      "classical": {
        "LogReg": {
          "accuracy": 0.9490333919156415,
          "correct": 540,
          "wrong": 29
        },
        "DecTree": {
          "accuracy": 0.9226713532513181,
          "correct": 525,
          "wrong": 44
        },
        "SVM": {
          "accuracy": 0.9156414762741653,
          "correct": 521,
          "wrong": 48
        },
        "RandForest": {
          "accuracy": 0.9525483304042179,
          "correct": 542,
          "wrong": 27
        }
      },
      "enrichment": {
        "LogReg": {
          "wrong_on_unknown": 13,
          "err_unknown": 0.11504424778761062,
          "err_answered": 0.03508771929824561,
          "enrichment": 3.278761061946903,
          "concentration": 0.4482758620689655,
          "fisher_p": 0.0015100527421613998,
          "odds_ratio": 3.575
        },
        "DecTree": {
          "wrong_on_unknown": 23,
          "err_unknown": 0.20353982300884957,
          "err_answered": 0.046052631578947366,
          "enrichment": 4.419721871049306,
          "concentration": 0.5227272727272727,
          "fisher_p": 5.204462538725329e-07,
          "odds_ratio": 5.2936507936507935
        },
        "SVM": {
          "wrong_on_unknown": 25,
          "err_unknown": 0.22123893805309736,
          "err_answered": 0.05043859649122807,
          "enrichment": 4.3863024240092345,